[
  {
    "pk": 1, 
    "model": "auth.group", 
    "fields": {
      "name": "view", 
      "permissions": []
    }
  }, 
  {
    "pk": 2, 
    "model": "auth.group", 
    "fields": {
      "name": "edit", 
      "permissions": [
        46, 
        47, 
        43, 
        44, 
        25, 
        26, 
        64, 
        65, 
        61, 
        62
      ]
    }
  }, 
  {
    "pk": 3, 
    "model": "auth.group", 
    "fields": {
      "name": "admin", 
      "permissions": [
        46, 
        47, 
        48, 
        43, 
        44, 
        45, 
        25, 
        26, 
        27, 
        64, 
        65, 
        66, 
        61, 
        62, 
        63
      ]
    }
  },
  {
    "pk": 1, 
    "model": "auth.user", 
    "fields": {
      "username": "admin", 
      "first_name": "", 
      "last_name": "", 
      "is_active": true, 
      "is_superuser": true, 
      "is_staff": true, 
      "last_login": "2010-10-18 05:42:11", 
      "groups": [], 
      "user_permissions": [], 
      "password": "sha1$77074$a0439dd586835e301c02d5e4038b407ea0986573", 
      "email": "admin@admin.pl", 
      "date_joined": "2010-10-18 05:42:11"
    }
  },
  {
    "pk": 2, 
    "model": "auth.user", 
    "fields": {
      "username": "viewer", 
      "first_name": "", 
      "last_name": "", 
      "is_active": true, 
      "is_superuser": false, 
      "is_staff": false, 
      "last_login": "2011-03-31 13:17:24", 
      "groups": [
        1
      ], 
      "user_permissions": [], 
      "password": "sha1$e3845$0cb126ac5ba69e63d7ded4aae30bc2af0ffd638b", 
      "email": "", 
      "date_joined": "2011-03-31 13:17:24"
    }
  }, 
  {
    "pk": 3, 
    "model": "auth.user", 
    "fields": {
      "username": "editor", 
      "first_name": "", 
      "last_name": "", 
      "is_active": true, 
      "is_superuser": false, 
      "is_staff": false, 
      "last_login": "2011-03-31 13:19:01", 
      "groups": [
        2
      ], 
      "user_permissions": [], 
      "password": "sha1$ecd31$757b96e86ad73ce1f06d78a7bab7d98184e1f6eb", 
      "email": "", 
      "date_joined": "2011-03-31 13:19:01"
    }
  },
  {
    "pk": 1, 
    "model": "require.requirement", 
    "fields": {
      "rght": 32, 
      "name": "MeeGo", 
      "parent": null, 
      "level": 0, 
      "modified_time": "2010-12-09 12:24:07", 
      "lft": 1, 
      "dependencies": [], 
      "tree_id": 1, 
      "created_time": "2010-11-24 07:00:45", 
      "path": "/", 
      "release_target": "2010-12-01", 
      "description": "Lorem ipsum dolor sit amet, consectetur adipiscing elit. Proin scelerisque adipiscing neque, vitae luctus purus posuere vel. In non sapien non nisi tincidunt faucibus sit amet vitae lacus. \n\nSuspendisse ultricies tempus vestibulum. Quisque eget purus at leo posuere tincidunt. Pellentesque id nisl et massa ultricies mollis sit amet eget odio. Maecenas mattis mauris est, eu cursus libero. Nunc vel nisi ac erat auctor pulvinar non at velit. Nunc accumsan felis sed elit convallis porttitor. Vivamus nisl nibh, molestie quis dignissim a, dapibus quis eros. Sed quis dolor eu eros vulputate tincidunt nec a diam. Sed ut velit mi, et euismod sapien. "
    }
  }, 
  {
    "pk": 2, 
    "model": "require.requirement", 
    "fields": {
      "rght": 5, 
      "name": "Notebook", 
      "parent": 1, 
      "level": 1, 
      "modified_time": "2010-12-09 14:02:09", 
      "lft": 4,        
      "dependencies": [], 
      "tree_id": 1, 
      "created_time": "2010-12-02 16:05:56", 
      "path": "/MeeGo/", 
      "release_target": "2010-12-08", 
      "description": "test1 "
    }
  }, 
  {
    "pk": 3, 
    "model": "require.requirement", 
    "fields": {
      "rght": 7, 
      "name": "IVI", 
      "parent": 1, 
      "level": 1, 
      "modified_time": "2010-12-09 12:24:08", 
      "lft": 6,        
      "dependencies": [], 
      "tree_id": 1, 
      "created_time": "2010-12-02 16:06:19", 
      "path": "/MeeGo/", 
      "release_target": "2010-12-02", 
      "description": ""
    }
  }, 
  {
    "pk": 4, 
    "model": "require.requirement", 
    "fields": {
      "rght": 15, 
      "name": "TV", 
      "parent": 1, 
      "level": 1, 
      "modified_time": "2010-12-09 12:24:08", 
      "lft": 8,        
      "dependencies": [], 
      "tree_id": 1, 
      "created_time": "2010-12-02 16:09:20", 
      "path": "/MeeGo/", 
      "release_target": "2010-12-02", 
      "description": ""
    }
  }, 
  {
    "pk": 5, 
    "model": "require.requirement", 
    "fields": {
      "rght": 17, 
      "name": "MeeGo Handset", 
      "parent": 1, 
      "level": 1, 
      "modified_time": "2010-12-09 12:24:08", 
      "lft": 16,        
      "dependencies": [], 
      "tree_id": 1, 
      "created_time": "2010-12-02 16:09:39", 
      "path": "/MeeGo/", 
      "release_target": "2010-12-02", 
      "description": ""
    }
  }, 
  {
    "pk": 8, 
    "model": "require.requirement", 
    "fields": {
      "rght": 10, 
      "name": "Bootscreen ", 
      "parent": 4, 
      "level": 2, 
      "modified_time": "2010-12-09 12:24:08", 
      "lft": 9,        
      "dependencies": [], 
      "tree_id": 1, 
      "created_time": "2010-12-06 15:10:13", 
      "path": "/MeeGo/TV/", 
      "release_target": "2010-12-02", 
      "description": ""
    }
  }, 
  {
    "pk": 9, 
    "model": "require.requirement", 
    "fields": {
      "rght": 19, 
      "name": "MeeGo Media Phone", 
      "parent": 1, 
      "level": 1, 
      "modified_time": "2010-12-09 12:24:08", 
      "lft": 18,        
      "dependencies": [], 
      "tree_id": 1, 
      "created_time": "2010-12-06 16:33:54", 
      "path": "/MeeGo/", 
      "release_target": "2010-12-31", 
      "description": ""
    }
  }, 
  {
    "pk": 10, 
    "model": "require.requirement", 
    "fields": {
      "rght": 31, 
      "name": "Legacy", 
      "parent": 1, 
      "level": 1, 
      "modified_time": "2010-12-09 12:24:08", 
      "lft": 20,        
      "dependencies": [], 
      "tree_id": 1, 
      "created_time": "2010-12-06 16:35:47", 
      "path": "/MeeGo/", 
      "release_target": "2010-12-15", 
      "description": ""
    }
  }, 
  {
    "pk": 11, 
    "model": "require.requirement", 
    "fields": {
      "rght": 30, 
      "name": "n900", 
      "parent": 10, 
      "level": 2, 
      "modified_time": "2010-12-09 12:24:08", 
      "lft": 21,        
      "dependencies": [], 
      "tree_id": 1, 
      "created_time": "2010-12-06 16:36:32", 
      "path": "/MeeGo/Legacy/", 
      "release_target": "2010-12-24", 
      "description": ""
    }
  }, 
  {
    "pk": 12, 
    "model": "require.requirement", 
    "fields": {
      "rght": 23, 
      "name": "pr 1.0", 
      "parent": 11, 
      "level": 3, 
      "modified_time": "2010-12-09 12:24:09", 
      "lft": 22,        
      "dependencies": [], 
      "tree_id": 1, 
      "created_time": "2010-12-06 16:37:05", 
      "path": "/MeeGo/Legacy/n900/", 
      "release_target": "2010-12-30", 
      "description": ""
    }
  }, 
  {
    "pk": 13, 
    "model": "require.requirement", 
    "fields": {
      "rght": 14, 
      "name": "MeeGo Handset test", 
      "parent": 4, 
      "level": 2, 
      "modified_time": "2010-12-09 14:11:03", 
      "lft": 11,        
      "dependencies": [], 
      "tree_id": 1, 
      "created_time": "2010-12-07 15:45:52", 
      "path": "/MeeGo/TV/", 
      "release_target": "2010-12-08", 
      "description": "testtestest"
    }
  }, 
  {
    "pk": 24, 
    "model": "require.requirement", 
    "fields": {
      "rght": 25, 
      "name": "pr 1.1", 
      "parent": 11, 
      "level": 3, 
      "modified_time": "2010-12-09 12:24:09", 
      "lft": 24,        
      "dependencies": [], 
      "tree_id": 1, 
      "created_time": "2010-12-07 16:31:24", 
      "path": "/MeeGo/Legacy/n900/", 
      "release_target": "2010-12-09", 
      "description": ""
    }
  }, 
  {
    "pk": 25, 
    "model": "require.requirement", 
    "fields": {
      "rght": 27, 
      "name": "pr 1.2", 
      "parent": 11, 
      "level": 3, 
      "modified_time": "2010-12-09 12:24:09", 
      "lft": 26,        
      "dependencies": [], 
      "tree_id": 1, 
      "created_time": "2010-12-07 16:32:37", 
      "path": "/MeeGo/Legacy/n900/", 
      "release_target": "2010-12-04", 
      "description": ""
    }
  }, 
  {
    "pk": 26, 
    "model": "require.requirement", 
    "fields": {
      "rght": 29, 
      "name": "pr 1.3", 
      "parent": 11, 
      "level": 3, 
      "modified_time": "2010-12-09 12:24:09", 
      "lft": 28,        
      "dependencies": [], 
      "tree_id": 1, 
      "created_time": "2010-12-07 16:36:45", 
      "path": "/MeeGo/Legacy/n900/", 
      "release_target": "2010-12-25", 
      "description": "3123123"
    }
  }, 
  {
    "pk": 27, 
    "model": "require.requirement", 
    "fields": {
      "rght": 13, 
      "name": "test1", 
      "parent": 13, 
      "level": 3, 
      "modified_time": "2010-12-09 14:12:57", 
      "lft": 12,        
      "dependencies": [], 
      "tree_id": 1, 
      "created_time": "2010-12-09 14:12:57", 
      "path": "/MeeGo/TV/MeeGo Handset test/", 
      "release_target": "2010-12-08", 
      "description": "test1 test1 "
    }
  },
  {
    "pk": 1, 
    "model": "store.testcasedirectory", 
    "fields": {
      "rght": 4, 
      "name": "MeeGo Netbook", 
      "parent": null, 
      "level": 0, 
      "modified_time": "2011-01-07 11:16:52", 
      "lft": 1, 
      "tree_id": 1, 
      "created_time": "2011-01-07 11:16:52", 
      "path": "/"
    }
  }, 
  {
    "pk": 2, 
    "model": "store.testcasedirectory", 
    "fields": {
      "rght": 2, 
      "name": "MeeGo Handset bat", 
      "parent": null, 
      "level": 0, 
      "modified_time": "2011-01-07 11:18:06", 
      "lft": 1, 
      "tree_id": 2, 
      "created_time": "2011-01-07 11:18:06", 
      "path": "/"
    }
  }, 
  {
    "pk": 4, 
    "model": "store.testcasedirectory", 
    "fields": {
      "rght": 3, 
      "name": "MeeGo IVI BAT", 
      "parent": 1, 
      "level": 1, 
      "modified_time": "2011-01-07 11:20:19", 
      "lft": 2, 
      "tree_id": 1, 
      "created_time": "2011-01-07 11:20:19", 
      "path": "/MeeGo Netbook/"
    }
  }, 
  {
    "pk": 1, 
    "model": "store.testcasestatus", 
    "fields": {
      "created_time": "2011-06-06 16:16:00", 
      "name": "Proposed", 
      "modified_time": "2011-06-06 16:16:00"
    }
  }, 
  {
    "pk": 2, 
    "model": "store.testcasestatus", 
    "fields": {
      "created_time": "2011-06-07 14:34:48", 
      "name": "Done", 
      "modified_time": "2011-06-07 14:34:48"
    }
  }, 
  {
    "pk": 1, 
    "model": "store.testcase", 
    "fields": {
      "status": 1,
      "requirement": 1, 
      "name": "Close navigation", 
      "parent": 4, 
      "precondition": "", 
      "modified_time": "2011-01-07 11:21:37", 
      "created_time": "2011-01-07 11:09:16", 
      "path": "/MeeGo Netbook/MeeGo IVI BAT/", 
      "description": ""
    }
  }, 
  {
    "pk": 2, 
    "model": "store.testcase", 
    "fields": {
      "status": 1,
      "requirement": 1, 
      "name": "Open navigation", 
      "parent": 4, 
      "precondition": "", 
      "modified_time": "2011-01-07 11:21:24", 
      "created_time": "2011-01-07 11:10:38", 
      "path": "/MeeGo Netbook/MeeGo IVI BAT/", 
      "description": ""
    }
  }, 
  {
    "pk": 3, 
    "model": "store.testcase", 
    "fields": {
      "status": 1,
      "requirement": 13, 
      "name": "TestCase", 
      "parent": 1, 
      "precondition": "", 
      "modified_time": "2011-01-07 12:00:45", 
      "created_time": "2011-01-07 11:11:17", 
      "path": "/MeeGo Netbook/", 
      "description": ""
    }
  },
  {
    "pk": 4, 
    "model": "store.testcase", 
    "fields": {
      "status": 1,
      "requirement": 1, 
      "name": "TestCase1", 
      "parent": 4, 
      "precondition": "", 
      "modified_time": "2011-01-07 11:21:24", 
      "created_time": "2011-01-07 11:10:38", 
      "path": "/MeeGo Netbook/MeeGo IVI BAT/", 
      "description": ""
    }
  }, 
  {
    "pk": 5, 
    "model": "store.testcase", 
    "fields": {
      "status": 1,
      "requirement": 1, 
      "name": "TestCase2", 
      "parent": 4, 
      "precondition": "", 
      "modified_time": "2011-01-07 11:21:24", 
      "created_time": "2011-01-07 11:10:38", 
      "path": "/MeeGo Netbook/MeeGo IVI BAT/", 
      "description": ""
    }
  }, 
  {
    "pk": 6, 
    "model": "store.testcase", 
    "fields": {
      "status": 1,
      "requirement": 1, 
      "name": "TestCase3", 
      "parent": 4, 
      "precondition": "", 
      "modified_time": "2011-01-07 11:21:24", 
      "created_time": "2011-01-07 11:10:38", 
      "path": "/MeeGo Netbook/MeeGo IVI BAT/", 
      "description": ""
    }
  }, 
  {
    "pk": 7, 
    "model": "store.testcase", 
    "fields": {
      "status": 1,
      "requirement": 1, 
      "name": "TestCase4", 
      "parent": 4, 
      "precondition": "", 
      "modified_time": "2011-01-07 11:21:24", 
      "created_time": "2011-01-07 11:10:38", 
      "path": "/MeeGo Netbook/MeeGo IVI BAT/", 
      "description": ""
    }
  }, 
  {
    "pk": 8, 
    "model": "store.testcase", 
    "fields": {
      "status": 1,
      "requirement": 1, 
      "name": "TestCase5", 
      "parent": 4, 
      "precondition": "", 
      "modified_time": "2011-01-07 11:21:24", 
      "created_time": "2011-01-07 11:10:38", 
      "path": "/MeeGo Netbook/MeeGo IVI BAT/", 
      "description": ""
    }
  }, 
  {
    "pk": 9, 
    "model": "store.testcase", 
    "fields": {
      "status": 1,
      "requirement": 1, 
      "name": "TestCase6", 
      "parent": 4, 
      "precondition": "", 
      "modified_time": "2011-01-07 11:21:24", 
      "created_time": "2011-01-07 11:10:38", 
      "path": "/MeeGo Netbook/MeeGo IVI BAT/", 
      "description": ""
    }
  }, 
  {
    "pk": 10, 
    "model": "store.testcase", 
    "fields": {
      "status": 1,
      "requirement": 1, 
      "name": "TestCase7", 
      "parent": 4, 
      "precondition": "", 
      "modified_time": "2011-01-07 11:21:24", 
      "created_time": "2011-01-07 11:10:38", 
      "path": "/MeeGo Netbook/MeeGo IVI BAT/", 
      "description": ""
    }
  }, 
  {
    "pk": 11, 
    "model": "store.testcase", 
    "fields": {
      "status": 1,
      "requirement": 1, 
      "name": "TestCase8", 
      "parent": 4, 
      "precondition": "", 
      "modified_time": "2011-01-07 11:21:24", 
      "created_time": "2011-01-07 11:10:38", 
      "path": "/MeeGo Netbook/MeeGo IVI BAT/", 
      "description": ""
    }
  }, 
  {
    "pk": 12, 
    "model": "store.testcase", 
    "fields": {
      "status": 1,
      "requirement": 1, 
      "name": "TestCase9", 
      "parent": 4, 
      "precondition": "", 
      "modified_time": "2011-01-07 11:21:24", 
      "created_time": "2011-01-07 11:10:38", 
      "path": "/MeeGo Netbook/MeeGo IVI BAT/", 
      "description": ""
    }
  }, 
  {
    "pk": 13, 
    "model": "store.testcase", 
    "fields": {
      "status": 1,
      "requirement": 1, 
      "name": "TestCase10", 
      "parent": 4, 
      "precondition": "", 
      "modified_time": "2011-01-07 11:21:24", 
      "created_time": "2011-01-07 11:10:38", 
      "path": "/MeeGo Netbook/MeeGo IVI BAT/", 
      "description": ""
    }
  }, 
  {
    "pk": 14, 
    "model": "store.testcase", 
    "fields": {
      "status": 1,
      "requirement": 1, 
      "name": "TestCase11", 
      "parent": 4, 
      "precondition": "", 
      "modified_time": "2011-01-07 11:21:24", 
      "created_time": "2011-01-07 11:10:38", 
      "path": "/MeeGo Netbook/MeeGo IVI BAT/", 
      "description": ""
    }
  }, 
  {
    "pk": 15, 
    "model": "store.testcase", 
    "fields": {
      "status": 1,
      "requirement": 1, 
      "name": "TestCase12", 
      "parent": 4, 
      "precondition": "", 
      "modified_time": "2011-01-07 11:21:24", 
      "created_time": "2011-01-07 11:10:38", 
      "path": "/MeeGo Netbook/MeeGo IVI BAT/", 
      "description": ""
    }
  }, 
  {
    "pk": 16, 
    "model": "store.testcase", 
    "fields": {
      "status": 1,
      "requirement": 1, 
      "name": "TestCase13", 
      "parent": 4, 
      "precondition": "", 
      "modified_time": "2011-01-07 11:21:24", 
      "created_time": "2011-01-07 11:10:38", 
      "path": "/MeeGo Netbook/MeeGo IVI BAT/", 
      "description": ""
    }
  }, 
  {
    "pk": 17, 
    "model": "store.testcase", 
    "fields": {
      "status": 1,
      "requirement": 1, 
      "name": "TestCase14", 
      "parent": 4, 
      "precondition": "", 
      "modified_time": "2011-01-07 11:21:24", 
      "created_time": "2011-01-07 11:10:38", 
      "path": "/MeeGo Netbook/MeeGo IVI BAT/", 
      "description": ""
    }
  }, 
  {
    "pk": 1, 
    "model": "execute.testrundirectory", 
    "fields": {
      "rght": 2, 
      "name": "TestRun directory", 
      "parent": null, 
      "level": 0, 
      "modified_time": "2011-01-24 15:05:51", 
      "lft": 1, 
      "tree_id": 1, 
      "created_time": "2011-01-24 15:05:51", 
      "path": "/", 
      "description": ""
    }
  }, 
  {
    "pk": 1, 
    "model": "execute.testrunstatus", 
    "fields": {
      "created_time": "2011-06-07 15:43:28", 
      "name": "default", 
      "modified_time": "2011-06-07 15:43:28"
    }
  }, 
  {
    "pk": 1, 
    "model": "execute.testrun", 
    "fields": {
      "status": 1, 
      "name": "TestRun 1", 
      "parent": 1, 
      "notes": "", 
      "modified_time": "2011-06-07 16:19:38", 
      "passrate": 0.0, 
      "created_time": "2011-01-24 15:06:19", 
      "path": "/TestRun directory/", 
      "translation": 1
    }
  }, 
  {
    "pk": 2, 
    "model": "execute.testrun", 
    "fields": {
      "status": 1, 
      "name": "TestRun 2", 
      "parent": 1, 
      "notes": "", 
      "modified_time": "2011-06-07 16:19:47", 
      "passrate": 0.0, 
      "created_time": "2011-01-24 15:06:45", 
      "path": "/TestRun directory/", 
      "translation": 1
    }
  },
  {
    "pk": 1, 
    "model": "execute.testcaserunstatus", 
    "fields": {
      "name": "IDLE", 
      "color": "#cceeee", 
      "modified_time": "2011-05-23 11:02:42", 
      "passed": false, 
      "created_time": "2011-01-31 14:25:16", 
      "total": true
    }
  }, 
  {
    "pk": 2, 
    "model": "execute.testcaserunstatus", 
    "fields": {
      "name": "PASSED", 
      "color": "#88bb66", 
      "modified_time": "2011-05-23 11:02:37", 
      "passed": true, 
      "created_time": "2011-02-01 10:56:58", 
      "total": true
    }
  }, 
  {
    "pk": 3, 
    "model": "execute.testcaserunstatus", 
    "fields": {
      "name": "FAILED", 
      "color": "red", 
      "modified_time": "2011-05-23 11:02:31", 
      "passed": false, 
      "created_time": "2011-02-01 16:28:15", 
      "total": true
    }
  }, 
  {
    "pk": 4, 
    "model": "execute.testcaserunstatus", 
    "fields": {
      "name": "N/A", 
      "color": "#ffff9", 
      "modified_time": "2011-05-23 11:02:19", 
      "passed": false, 
      "created_time": "2011-05-23 11:02:19", 
      "total": true
    }
  },
  {
    "pk": 1, 
    "model": "report.reportdirectory", 
    "fields": {
      "rght": 2, 
      "name": "BigProject", 
      "parent": null, 
      "level": 0, 
      "modified_time": "2011-04-22 11:27:15", 
      "lft": 1, 
      "tree_id": 1, 
      "created_time": "2011-04-20 10:56:22", 
      "path": "/", 
      "description": ""
    }
  }, 
  {
    "pk": 2, 
    "model": "report.report", 
    "fields": {
      "name": "Report, html", 
      "parent": 1, 
      "mime": "text/html", 
      "modified_time": "2011-04-22 12:12:08", 
      "link": "2/bigproject/report-html/2011/04/22", 
      "template": "<h1>Testcases</h1>\n<br/>\n{% for testcase in TESTCASES %}\n<h2>{{testcase.name}}</h2>\n<ul>\n    <li><b>name</b>: {{testcase.name}}</li>\n    <li><b>path</b>: {{testcase.path}}</li>\n    <li><b>requirement</b>: {{testcase.requirement.name|default:'empty'}}</li>\n</ul>\n<hr/>\n<br/>\n{% endfor %}\n", 
      "created_time": "2011-04-22 11:29:03", 
      "path": "/BigProject/", 
      "public": false
    }
  }, 
  {
    "pk": 1, 
    "model": "report.report", 
    "fields": {
      "name": "Report, json", 
      "parent": 1, 
      "mime": "application/json", 
      "modified_time": "2011-04-22 11:29:11", 
      "link": "1/bigproject/report-json/2011/04/20", 
      "template": "{\n   \"testcases\": {\n        {% for testcase in TESTCASES %}\n        \"{{testcase.name}}\" : \"{{testcase.name}}\"{% if not forloop.last %},{% endif %}\n        {% endfor %}\n    }\n}", 
      "created_time": "2011-04-20 11:05:26", 
      "path": "/BigProject/", 
      "public": false
    }
  }, 
  {
    "pk": 1, 
    "model": "report.contextelement", 
    "fields": {
      "report": 1, 
      "query": "TestCase.all()", 
      "name": "TESTCASES"
    }
  }, 
  {
    "pk": 2, 
    "model": "report.contextelement", 
    "fields": {
      "report": 2, 
      "query": "TestCase.all()", 
      "name": "TESTCASES"
    }
  }, 
  {
    "pk": 3, 
    "model": "report.contextelement", 
    "fields": {
      "report": 2, 
      "query": "TestCase.all()", 
      "name": "TESTCASES"
    }
  },
  {
    "pk": 1, 
    "model": "glossary.language", 
    "fields": {
      "created_time": "2011-07-15 14:04:16", 
      "name": "default", 
      "modified_time": "2011-07-15 14:04:16"
    }
  }, 
  {
    "pk": 2, 
    "model": "glossary.language", 
    "fields": {
      "created_time": "2011-07-15 14:44:38", 
      "name": "english", 
      "modified_time": "2011-07-15 14:44:38"
    }
  }, 
  {
    "pk": 3, 
    "model": "glossary.language", 
    "fields": {
      "created_time": "2011-07-15 14:44:49", 
      "name": "german", 
      "modified_time": "2011-07-15 14:44:49"
    }
  }
]
